CanonicalSMILES,CID,ROMol,tanimoto_maccs,dice_maccs,tanimoto_morgan,dice_morgan,MACCS_fp,pIC50_pred,IC50_pred,molecular_weight,n_hba,n_hbd,logp,TPSA,ro5_fulfilled
CCCS(=O)(=O)NC1=C(C(=C(C=C1)F)C(=O)C2=CNC3=C2C=C(C=N3)CCC(=O)O)F,58087463,<rdkit.Chem.rdchem.Mol object at 0x0000019236764340>,0.9178082191780822,0.9571428571428572,0.7,0.8235294117647058,"[0 0 0 0 0 0 0 0 0 0 0 0 0 0 0 0 0 0 0 0 0 0 0 0 0 0 0 0 0 0 0 0 1 1 0 0 0
 0 1 0 0 0 1 0 0 0 0 0 0 0 0 1 0 0 0 1 0 0 1 0 1 1 0 0 0 1 0 1 0 1 0 0 0 1
 0 0 0 1 0 0 0 0 0 1 0 0 0 1 1 0 1 0 0 0 1 0 1 1 1 0 0 1 1 0 1 1 1 1 0 0 0
 1 1 0 1 1 0 1 1 0 1 1 0 1 1 1 0 0 0 0 1 1 1 1 1 1 1 1 0 1 1 0 1 0 1 1 1 1
 1 0 1 1 1 1 1 1 1 1 1 1 1 1 1 1 1 1 0]",6.897703648019218,126.55996672831296,451.101348148,5,3,3.2410000000000014,129.22,True
CCCS(=O)(=O)NC1=C(C(=C(C=C1)F)C(=O)C2=CNC3=C2C=C(C=N3)C=CC(=O)O)F,58087390,<rdkit.Chem.rdchem.Mol object at 0x0000019236764100>,0.9054054054054054,0.950354609929078,0.7,0.8235294117647058,"[0 0 0 0 0 0 0 0 0 0 0 0 0 0 0 0 0 0 0 0 0 0 0 0 0 0 0 0 0 0 0 0 1 1 0 0 0
 0 1 0 0 0 1 0 0 0 0 0 0 0 0 1 0 0 0 1 0 0 1 0 1 1 0 0 0 1 0 1 0 1 0 0 0 1
 0 0 0 1 0 0 0 0 0 1 0 0 0 1 1 0 1 0 0 0 1 0 1 1 1 1 0 1 1 0 1 1 1 1 0 0 0
 1 1 0 1 1 0 1 1 0 1 1 0 1 1 1 0 0 0 0 1 1 1 1 1 1 1 1 0 1 1 0 1 0 1 1 1 1
 1 0 1 1 1 1 1 1 1 1 1 1 1 1 1 1 1 1 0]",6.895075562564162,127.3281524466105,449.085698084,5,3,3.321600000000001,129.22,True
CCCS(=O)(=O)NC1=C(C(=C(C=C1)F)CC2=CNC3=C2C=C(C=N3)Cl)F,58086030,<rdkit.Chem.rdchem.Mol object at 0x000001923676A580>,0.9142857142857144,0.9552238805970148,0.5416666666666666,0.7027027027027027,"[0 0 0 0 0 0 0 0 0 0 0 0 0 0 0 0 0 0 0 0 0 0 0 0 0 0 0 0 0 0 0 0 1 1 0 0 0
 0 1 0 0 0 1 0 0 0 0 0 0 0 0 1 0 0 0 1 0 0 1 0 1 1 0 0 0 1 0 1 0 1 0 0 0 1
 0 0 0 1 0 0 0 0 0 1 0 0 0 1 1 0 1 1 0 0 1 0 1 0 1 0 0 1 1 1 1 1 1 1 0 0 0
 1 1 0 1 1 0 1 1 0 1 1 0 0 1 1 0 0 0 0 1 1 1 1 1 1 1 1 0 0 0 0 1 0 1 1 0 1
 1 0 1 1 0 1 0 1 1 0 1 1 1 1 1 1 1 1 0]",6.892161097472646,128.18550023417257,399.06198187200005,3,2,4.237000000000003,74.85,True
CCCS(=O)(=O)NC1=CC(=C(C=C1)F)C(=O)C2=CNC3=C2C=C(C=N3)C4=CN(N=C4)C,66646723,<rdkit.Chem.rdchem.Mol object at 0x000001923676CB20>,0.9066666666666666,0.951048951048951,0.5584415584415584,0.7166666666666667,"[0 0 0 0 0 0 0 0 0 0 0 0 0 0 0 0 0 0 0 0 0 0 0 0 0 0 0 0 0 0 0 0 1 1 0 0 0
 0 1 0 0 0 1 0 0 0 0 0 0 0 0 1 1 0 0 1 0 0 1 0 1 1 1 0 0 1 0 1 0 1 0 0 0 1
 0 1 0 1 0 0 1 0 0 1 0 0 0 1 1 0 1 0 0 1 1 0 1 1 1 0 0 1 1 0 1 1 1 1 0 0 0
 1 1 0 1 1 0 1 1 0 1 1 1 0 1 1 0 0 0 0 1 1 1 1 1 1 1 1 0 0 0 0 1 0 1 1 1 1
 1 1 1 1 1 1 1 1 1 0 1 1 1 1 1 1 1 1 0]",6.854929740773537,139.65942807976168,441.1270887200001,6,2,3.4852000000000016,109.74,True
CCCS(=O)(=O)NC1=C(C(=C(C=C1)F)C(=O)C2=CNC3=C2C=C(C=N3)C4=NN(C=C4)C)F,53262272,<rdkit.Chem.rdchem.Mol object at 0x0000019236763D60>,0.9066666666666666,0.951048951048951,0.7428571428571429,0.8524590163934426,"[0 0 0 0 0 0 0 0 0 0 0 0 0 0 0 0 0 0 0 0 0 0 0 0 0 0 0 0 0 0 0 0 1 1 0 0 0
 0 1 0 0 0 1 0 0 0 0 0 0 0 0 1 1 0 0 1 0 0 1 0 1 1 1 0 0 1 0 1 0 1 0 0 0 1
 0 1 0 1 0 0 1 0 0 1 0 0 0 1 1 0 1 0 0 1 1 0 1 1 1 0 0 1 1 0 1 1 1 1 0 0 0
 1 1 0 1 1 0 1 1 0 1 1 1 0 1 1 0 0 0 0 1 1 1 1 1 1 1 1 0 0 0 0 1 0 1 1 1 1
 1 1 1 1 1 1 1 1 1 0 1 1 1 1 1 1 1 1 0]",6.854929740773537,139.65942807976168,459.1176669080001,6,2,3.6243000000000016,109.74000000000001,True
CCCS(=O)(=O)NC1=C(C(=C(C=C1)F)C(=O)C2=CNC3=C2C=C(C=N3)C4=CC=NN4C)F,66647044,<rdkit.Chem.rdchem.Mol object at 0x0000019236761B20>,0.9066666666666666,0.951048951048951,0.7323943661971831,0.8455284552845529,"[0 0 0 0 0 0 0 0 0 0 0 0 0 0 0 0 0 0 0 0 0 0 0 0 0 0 0 0 0 0 0 0 1 1 0 0 0
 0 1 0 0 0 1 0 0 0 0 0 0 0 0 1 1 0 0 1 0 0 1 0 1 1 1 0 0 1 0 1 0 1 0 0 0 1
 0 1 0 1 0 0 1 0 0 1 0 0 0 1 1 0 1 0 0 1 1 0 1 1 1 0 0 1 1 0 1 1 1 1 0 0 0
 1 1 0 1 1 0 1 1 0 1 1 1 0 1 1 0 0 0 0 1 1 1 1 1 1 1 1 0 0 0 0 1 0 1 1 1 1
 1 1 1 1 1 1 1 1 1 0 1 1 1 1 1 1 1 1 0]",6.854929740773537,139.65942807976168,459.1176669080001,6,2,3.6243000000000016,109.74000000000001,True
CCCS(=O)(=O)NC1=C(C(=C(C=C1)F)C(=O)C2=CNC3=C2C=C(C=N3)C4=CN(N=C4)C)F,58087124,<rdkit.Chem.rdchem.Mol object at 0x0000019236761E20>,0.9066666666666666,0.951048951048951,0.7681159420289855,0.8688524590163934,"[0 0 0 0 0 0 0 0 0 0 0 0 0 0 0 0 0 0 0 0 0 0 0 0 0 0 0 0 0 0 0 0 1 1 0 0 0
 0 1 0 0 0 1 0 0 0 0 0 0 0 0 1 1 0 0 1 0 0 1 0 1 1 1 0 0 1 0 1 0 1 0 0 0 1
 0 1 0 1 0 0 1 0 0 1 0 0 0 1 1 0 1 0 0 1 1 0 1 1 1 0 0 1 1 0 1 1 1 1 0 0 0
 1 1 0 1 1 0 1 1 0 1 1 1 0 1 1 0 0 0 0 1 1 1 1 1 1 1 1 0 0 0 0 1 0 1 1 1 1
 1 1 1 1 1 1 1 1 1 0 1 1 1 1 1 1 1 1 0]",6.854929740773537,139.65942807976168,459.1176669080001,6,2,3.6243000000000016,109.74,True
CCCS(=O)(=O)NC1=C(C(=C(C=C1)F)C(=O)C2=CNC3=C2C=C(C=N3)C4=CN(N=C4)C)Cl,66646554,<rdkit.Chem.rdchem.Mol object at 0x0000019236761DC0>,0.92,0.9583333333333334,0.6986301369863014,0.8225806451612904,"[0 0 0 0 0 0 0 0 0 0 0 0 0 0 0 0 0 0 0 0 0 0 0 0 0 0 0 0 0 0 0 0 1 1 0 0 0
 0 1 0 0 0 1 0 0 0 0 0 0 0 0 1 1 0 0 1 0 0 1 0 1 1 1 0 0 1 0 1 0 1 0 0 0 1
 0 1 0 1 0 0 1 0 0 1 0 0 0 1 1 0 1 0 0 1 1 0 1 1 1 0 0 1 1 1 1 1 1 1 0 0 0
 1 1 0 1 1 0 1 1 0 1 1 1 0 1 1 0 0 0 0 1 1 1 1 1 1 1 1 0 0 0 0 1 0 1 1 1 1
 1 1 1 1 1 1 1 1 1 0 1 1 1 1 1 1 1 1 0]",6.809650632381784,155.00630636643356,475.0881163680001,6,2,4.138600000000002,109.74,True
CCCS(=O)(=O)NC1=C(C(=C(C=C1)F)C(=O)CC2=CC3=C(N=C2)N=C(N3)C4=CC=C(C=C4)C)F,58095332,<rdkit.Chem.rdchem.Mol object at 0x0000019236766A00>,0.9178082191780822,0.9571428571428572,0.4523809523809524,0.6229508196721312,"[0 0 0 0 0 0 0 0 0 0 0 0 0 0 0 0 0 0 0 0 0 0 0 0 0 0 0 0 0 0 0 0 1 1 0 0 0
 0 1 0 0 0 1 0 0 0 0 0 0 0 0 1 0 0 0 1 0 0 1 0 1 1 1 0 0 1 0 1 0 1 0 0 0 1
 0 0 0 1 0 1 1 0 0 1 0 0 0 1 1 0 1 1 0 0 1 0 1 0 1 0 0 1 1 0 1 1 1 1 0 0 0
 1 1 0 1 1 0 1 1 0 1 1 0 0 1 1 0 0 0 0 1 1 1 1 1 1 1 1 0 0 0 0 1 0 1 1 1 1
 1 1 1 1 1 1 1 1 1 0 1 1 1 1 1 1 1 1 0]",6.801054097840584,158.10510835632144,484.13806800400005,5,2,4.788620000000003,104.81,True
CCCS(=O)(=O)NC1=C(C(=C(C=C1)F)C(=O)CC2=CC3=C(N=C2)N=C(N3)C4=CC=CC(=C4)C)F,58095364,<rdkit.Chem.rdchem.Mol object at 0x0000019236766BE0>,0.9178082191780822,0.9571428571428572,0.4204545454545454,0.592,"[0 0 0 0 0 0 0 0 0 0 0 0 0 0 0 0 0 0 0 0 0 0 0 0 0 0 0 0 0 0 0 0 1 1 0 0 0
 0 1 0 0 0 1 0 0 0 0 0 0 0 0 1 0 0 0 1 0 0 1 0 1 1 1 0 0 1 0 1 0 1 0 0 0 1
 0 0 0 1 0 1 1 0 0 1 0 0 0 1 1 0 1 1 0 0 1 0 1 0 1 0 0 1 1 0 1 1 1 1 0 0 0
 1 1 0 1 1 0 1 1 0 1 1 0 0 1 1 0 0 0 0 1 1 1 1 1 1 1 1 0 0 0 0 1 0 1 1 1 1
 1 1 1 1 1 1 1 1 1 0 1 1 1 1 1 1 1 1 0]",6.801054097840584,158.10510835632144,484.13806800400005,5,2,4.788620000000004,104.81,True
CCCS(=O)(=O)NC1=C(C(=C(C=C1)F)C(=O)CC2=CC3=C(NC(=C3Br)C)N=C2)F,58252053,<rdkit.Chem.rdchem.Mol object at 0x0000019236767040>,0.9295774647887324,0.9635036496350364,0.4810126582278481,0.6495726495726496,"[0 0 0 0 0 0 0 0 0 0 0 0 0 0 0 0 0 0 0 0 0 0 0 0 0 0 0 0 0 0 0 0 1 1 0 0 0
 0 1 0 0 0 1 0 0 0 1 0 0 0 0 1 0 0 0 1 0 0 1 0 1 1 0 0 0 1 0 1 0 1 0 0 0 1
 0 0 0 1 0 0 0 0 0 1 0 0 0 1 1 0 1 0 0 0 1 0 1 0 1 0 0 1 1 0 1 1 1 1 0 0 0
 1 1 0 1 1 0 1 1 0 1 1 0 0 1 1 0 0 0 0 1 1 1 1 1 1 1 1 0 0 0 0 1 0 1 1 1 1
 1 1 1 1 1 1 1 1 1 0 1 1 1 1 1 1 1 1 0]",6.789170627448361,162.49102287388564,485.022030976,4,2,4.489120000000003,91.92,True
CCCS(=O)(=O)NC1=C(C(=C(C=C1)F)C(=O)CC2=CC3=C(NC(=C3C)C)N=C2)F,58251992,<rdkit.Chem.rdchem.Mol object at 0x0000019236767160>,0.9295774647887324,0.9635036496350364,0.4935064935064935,0.6608695652173913,"[0 0 0 0 0 0 0 0 0 0 0 0 0 0 0 0 0 0 0 0 0 0 0 0 0 0 0 0 0 0 0 0 1 1 0 0 0
 0 1 0 0 0 1 0 0 0 0 0 0 0 0 1 0 0 0 1 0 0 1 0 1 1 0 0 0 1 0 1 0 1 0 0 0 1
 0 0 0 1 0 0 0 0 0 1 0 0 0 1 1 0 1 0 0 0 1 0 1 0 1 0 0 1 1 0 1 1 1 1 0 0 0
 1 1 0 1 1 0 1 1 0 1 1 0 0 1 1 0 0 0 0 1 1 1 1 1 1 1 1 0 0 0 1 1 0 1 1 1 1
 1 1 1 1 1 1 1 1 1 0 1 1 1 1 1 1 1 1 0]",6.784232914240094,164.3490075109965,421.12716897200005,4,2,4.035040000000003,91.92,True
CCCS(=O)(=O)NC1=C(C(=C(C=C1)F)C(=O)CC2=CN=C3C(=C2)C=C(N3)CC)F,58252033,<rdkit.Chem.rdchem.Mol object at 0x0000019236768220>,0.9428571428571428,0.9705882352941176,0.4743589743589743,0.6434782608695652,"[0 0 0 0 0 0 0 0 0 0 0 0 0 0 0 0 0 0 0 0 0 0 0 0 0 0 0 0 0 0 0 0 1 1 0 0 0
 0 1 0 0 0 1 0 0 0 0 0 0 0 0 1 0 0 0 1 0 0 1 0 1 1 0 0 0 1 0 1 0 1 0 0 0 1
 0 0 0 1 0 0 0 0 0 1 0 0 0 1 1 0 1 0 0 0 1 0 1 0 1 0 0 1 1 0 1 1 1 1 0 0 0
 1 1 0 1 1 0 1 1 0 1 1 0 0 1 1 0 0 0 0 1 1 1 1 1 1 1 1 0 0 0 0 1 0 1 1 1 1
 1 1 1 1 1 1 1 1 1 0 1 1 1 1 1 1 1 1 0]",6.779842778660121,166.0187812405963,421.12716897200005,4,2,3.9806000000000026,91.91999999999999,True
CCCS(=O)(=O)NC1=C(C(=C(C=C1)F)C(=O)CC2=CC3=C(NC=C3C)N=C2)F,58252007,<rdkit.Chem.rdchem.Mol object at 0x0000019236767760>,0.9428571428571428,0.9705882352941176,0.5753424657534246,0.7304347826086957,"[0 0 0 0 0 0 0 0 0 0 0 0 0 0 0 0 0 0 0 0 0 0 0 0 0 0 0 0 0 0 0 0 1 1 0 0 0
 0 1 0 0 0 1 0 0 0 0 0 0 0 0 1 0 0 0 1 0 0 1 0 1 1 0 0 0 1 0 1 0 1 0 0 0 1
 0 0 0 1 0 0 0 0 0 1 0 0 0 1 1 0 1 0 0 0 1 0 1 0 1 0 0 1 1 0 1 1 1 1 0 0 0
 1 1 0 1 1 0 1 1 0 1 1 0 0 1 1 0 0 0 0 1 1 1 1 1 1 1 1 0 0 0 0 1 0 1 1 1 1
 1 1 1 1 1 1 1 1 1 0 1 1 1 1 1 1 1 1 0]",6.779842778660121,166.0187812405963,407.11151890800005,4,2,3.7266200000000023,91.92,True
CCCS(=O)(=O)NC1=C(C(=C(C=C1)F)C(=O)CC2=CN=C3C(=C2)C=C(N3)C)F,58252021,<rdkit.Chem.rdchem.Mol object at 0x00000192367680A0>,0.9428571428571428,0.9705882352941176,0.4805194805194805,0.6491228070175439,"[0 0 0 0 0 0 0 0 0 0 0 0 0 0 0 0 0 0 0 0 0 0 0 0 0 0 0 0 0 0 0 0 1 1 0 0 0
 0 1 0 0 0 1 0 0 0 0 0 0 0 0 1 0 0 0 1 0 0 1 0 1 1 0 0 0 1 0 1 0 1 0 0 0 1
 0 0 0 1 0 0 0 0 0 1 0 0 0 1 1 0 1 0 0 0 1 0 1 0 1 0 0 1 1 0 1 1 1 1 0 0 0
 1 1 0 1 1 0 1 1 0 1 1 0 0 1 1 0 0 0 0 1 1 1 1 1 1 1 1 0 0 0 0 1 0 1 1 1 1
 1 1 1 1 1 1 1 1 1 0 1 1 1 1 1 1 1 1 0]",6.779842778660121,166.0187812405963,407.11151890800005,4,2,3.7266200000000023,91.91999999999999,True
CCCS(=O)NC1=C(C(=C(C=C1)F)C(=O)C2=CNC3=C2C=C(C=N3)C4=CC=CC=N4)F,144212136,<rdkit.Chem.rdchem.Mol object at 0x0000019236770A00>,0.9142857142857144,0.9552238805970148,0.5316455696202531,0.6942148760330579,"[0 0 0 0 0 0 0 0 0 0 0 0 0 0 0 0 0 0 0 0 0 0 0 0 0 0 0 0 0 0 0 0 1 1 0 0 0
 0 1 0 0 0 1 0 0 0 0 0 0 0 0 1 0 0 0 0 0 0 1 0 1 1 1 0 0 1 0 1 0 1 0 0 0 1
 0 0 0 1 0 0 1 0 0 1 0 0 0 1 1 0 1 0 0 0 1 0 1 1 1 0 0 1 1 0 1 1 0 1 0 0 0
 1 0 0 1 1 0 1 1 0 1 1 0 0 1 1 0 0 0 0 1 1 1 1 1 1 1 1 0 0 0 0 1 0 1 1 0 1
 1 0 1 1 1 1 1 1 1 0 1 1 1 1 1 1 1 1 0]",6.778298384527776,166.61021141592073,440.1118532560001,4,2,4.619700000000003,87.74,True
CCCS(=O)(=O)NC1=C(C(=C(C=C1)F)C(=O)CC2=CC3=C(NC=C3CC)N=C2)F,58252043,<rdkit.Chem.rdchem.Mol object at 0x0000019236767A60>,0.9295774647887324,0.9635036496350364,0.5753424657534246,0.7304347826086957,"[0 0 0 0 0 0 0 0 0 0 0 0 0 0 0 0 0 0 0 0 0 0 0 0 0 0 0 0 0 0 0 0 1 1 0 0 0
 0 1 0 0 0 1 0 0 0 0 0 0 0 0 1 0 0 0 1 0 0 1 0 1 1 0 0 0 1 0 1 0 1 0 0 0 1
 0 0 0 1 0 0 0 0 0 1 0 0 0 1 1 0 1 1 0 0 1 0 1 0 1 0 0 1 1 0 1 1 1 1 0 0 0
 1 1 0 1 1 0 1 1 0 1 1 0 0 1 1 0 0 0 0 1 1 1 1 1 1 1 1 0 0 0 0 1 0 1 1 1 1
 1 1 1 1 1 1 1 1 1 0 1 1 1 1 1 1 1 1 0]",6.778050506529253,166.70533303412554,421.12716897200005,4,2,3.9806000000000026,91.92,True
CCCS(=O)(=O)NC1=C(C(=C(C=C1)C)C(=O)CC2=CN=C3C(=C2)C=CN3)F,58251971,<rdkit.Chem.rdchem.Mol object at 0x00000192368E57C0>,0.9295774647887324,0.9635036496350364,0.4487179487179487,0.6194690265486725,"[0 0 0 0 0 0 0 0 0 0 0 0 0 0 0 0 0 0 0 0 0 0 0 0 0 0 0 0 0 0 0 0 1 1 0 0 0
 0 1 0 0 0 1 0 0 0 0 0 0 0 0 1 0 0 0 1 0 0 1 0 1 1 0 0 0 1 0 1 0 1 0 0 0 1
 0 0 0 1 0 0 0 0 0 1 0 0 0 1 1 0 1 0 0 0 1 0 1 0 1 0 0 1 1 0 1 1 1 1 1 0 0
 1 1 0 1 1 0 1 1 0 1 1 0 0 1 1 0 0 0 0 1 1 1 1 1 1 1 1 0 0 0 0 1 0 1 1 1 1
 1 1 1 1 1 1 1 1 1 0 1 1 1 1 1 1 1 1 0]",6.769318511628221,170.09106027915712,389.12094072,4,2,3.5875200000000023,91.91999999999999,True
CCCS(=O)(=O)NC1=C(C(=C(C=C1)F)C(=O)CC2=CN=C3C(=C2)C=CN3)C,58252041,<rdkit.Chem.rdchem.Mol object at 0x0000019236768460>,0.9295774647887324,0.9635036496350364,0.4487179487179487,0.6194690265486725,"[0 0 0 0 0 0 0 0 0 0 0 0 0 0 0 0 0 0 0 0 0 0 0 0 0 0 0 0 0 0 0 0 1 1 0 0 0
 0 1 0 0 0 1 0 0 0 0 0 0 0 0 1 0 0 0 1 0 0 1 0 1 1 0 0 0 1 0 1 0 1 0 0 0 1
 0 0 0 1 0 0 0 0 0 1 0 0 0 1 1 0 1 0 0 0 1 0 1 0 1 0 0 1 1 0 1 1 1 1 1 0 0
 1 1 0 1 1 0 1 1 0 1 1 0 0 1 1 0 0 0 0 1 1 1 1 1 1 1 1 0 0 0 0 1 0 1 1 1 1
 1 1 1 1 1 1 1 1 1 0 1 1 1 1 1 1 1 1 0]",6.769318511628221,170.09106027915712,389.12094072,4,2,3.5875200000000023,91.91999999999999,True
CCCS(=O)(=O)NC1=C(C(=C(C=C1)F)C(=O)CC2=CC3=C(N=C2)N=C(N3)C4=CC=C(C=C4)F)F,58095356,<rdkit.Chem.rdchem.Mol object at 0x0000019236766AC0>,0.9305555555555556,0.9640287769784172,0.4578313253012048,0.628099173553719,"[0 0 0 0 0 0 0 0 0 0 0 0 0 0 0 0 0 0 0 0 0 0 0 0 0 0 0 0 0 0 0 0 1 1 0 0 0
 0 1 0 0 0 1 0 0 0 0 0 0 0 0 1 0 0 0 1 0 0 1 0 1 1 1 0 0 1 0 1 0 1 0 0 0 1
 0 0 0 1 0 1 1 0 0 1 0 0 0 1 1 0 1 1 0 0 1 0 1 0 1 0 0 1 1 0 1 1 1 1 0 0 0
 1 1 0 1 1 0 1 1 0 1 1 0 0 1 1 0 0 0 0 1 1 1 1 1 1 1 1 0 0 0 0 1 0 1 1 1 1
 1 0 1 1 1 1 1 1 1 0 1 1 1 1 1 1 1 1 0]",6.763278839033528,172.47301723768658,488.1129961280001,5,2,4.6193000000000035,104.81,True
CCCS(=O)(=O)NC1=C(C(=C(C=C1)F)C(=O)CC2=CC3=C(N=C2)N=C(N3)C4=CC=CC=C4)F,58095372,<rdkit.Chem.rdchem.Mol object at 0x0000019236766C40>,0.9305555555555556,0.9640287769784172,0.4404761904761904,0.6115702479338843,"[0 0 0 0 0 0 0 0 0 0 0 0 0 0 0 0 0 0 0 0 0 0 0 0 0 0 0 0 0 0 0 0 1 1 0 0 0
 0 1 0 0 0 1 0 0 0 0 0 0 0 0 1 0 0 0 1 0 0 1 0 1 1 1 0 0 1 0 1 0 1 0 0 0 1
 0 0 0 1 0 1 1 0 0 1 0 0 0 1 1 0 1 1 0 0 1 0 1 0 1 0 0 1 1 0 1 1 1 1 0 0 0
 1 1 0 1 1 0 1 1 0 1 1 0 0 1 1 0 0 0 0 1 1 1 1 1 1 1 1 0 0 0 0 1 0 1 1 1 1
 1 0 1 1 1 1 1 1 1 0 1 1 1 1 1 1 1 1 0]",6.763278839033528,172.47301723768658,470.12241794000005,5,2,4.480200000000003,104.81,True
CCCS(=O)(=O)NC1=C(C(=C(C=C1)F)C(=O)CC2=CC3=C(N=C2)N=C(N3)C4=CC=CC=C4F)F,58095345,<rdkit.Chem.rdchem.Mol object at 0x0000019236766D00>,0.9305555555555556,0.9640287769784172,0.4186046511627907,0.5901639344262295,"[0 0 0 0 0 0 0 0 0 0 0 0 0 0 0 0 0 0 0 0 0 0 0 0 0 0 0 0 0 0 0 0 1 1 0 0 0
 0 1 0 0 0 1 0 0 0 0 0 0 0 0 1 0 0 0 1 0 0 1 0 1 1 1 0 0 1 0 1 0 1 0 0 0 1
 0 0 0 1 0 1 1 0 0 1 0 0 0 1 1 0 1 1 0 0 1 0 1 0 1 0 0 1 1 0 1 1 1 1 0 0 0
 1 1 0 1 1 0 1 1 0 1 1 0 0 1 1 0 0 0 0 1 1 1 1 1 1 1 1 0 0 0 0 1 0 1 1 1 1
 1 0 1 1 1 1 1 1 1 0 1 1 1 1 1 1 1 1 0]",6.763278839033528,172.47301723768658,488.1129961280001,5,2,4.6193000000000035,104.81,True
CCCS(=O)(=O)NC1=CC(=C(C(=C1F)C(=O)CC2=CC3=C(NC=C3Br)N=C2)F)F,58252026,<rdkit.Chem.rdchem.Mol object at 0x000001923676C6A0>,0.9428571428571428,0.9705882352941176,0.4743589743589743,0.6434782608695652,"[0 0 0 0 0 0 0 0 0 0 0 0 0 0 0 0 0 0 0 0 0 0 0 0 0 0 0 0 0 0 0 0 1 1 0 0 0
 0 1 0 0 0 1 0 0 0 1 0 0 0 0 1 0 0 0 1 0 0 1 0 1 1 0 0 0 1 0 1 0 1 0 0 0 1
 0 0 0 1 0 0 0 0 0 1 0 0 0 1 1 0 1 0 0 0 1 0 1 0 1 0 0 1 1 0 1 1 1 1 0 0 0
 1 1 0 1 1 0 1 1 0 1 1 0 0 1 1 0 0 0 0 1 1 1 1 1 1 1 1 0 0 0 0 1 0 1 1 1 1
 1 0 1 1 1 1 1 1 1 0 1 1 1 1 1 1 1 1 0]",6.761681362115416,173.10859753340196,488.9969591,4,2,4.3198000000000025,91.92,True
CCCS(=O)(=O)NC1=C(C(=C(C=C1)F)C(=O)CC2=CC3=C(NC=C3Br)N=C2)F,58252024,<rdkit.Chem.rdchem.Mol object at 0x0000019236767280>,0.9428571428571428,0.9705882352941176,0.5675675675675675,0.7241379310344828,"[0 0 0 0 0 0 0 0 0 0 0 0 0 0 0 0 0 0 0 0 0 0 0 0 0 0 0 0 0 0 0 0 1 1 0 0 0
 0 1 0 0 0 1 0 0 0 1 0 0 0 0 1 0 0 0 1 0 0 1 0 1 1 0 0 0 1 0 1 0 1 0 0 0 1
 0 0 0 1 0 0 0 0 0 1 0 0 0 1 1 0 1 0 0 0 1 0 1 0 1 0 0 1 1 0 1 1 1 1 0 0 0
 1 1 0 1 1 0 1 1 0 1 1 0 0 1 1 0 0 0 0 1 1 1 1 1 1 1 1 0 0 0 0 1 0 1 1 1 1
 1 0 1 1 1 1 1 1 1 0 1 1 1 1 1 1 1 1 0]",6.761681362115416,173.10859753340196,471.006380912,4,2,4.1807000000000025,91.92,True
CCCS(=O)(=O)NC1=CC(=C(C(=C1F)C(=O)CC2=CN=C3C(=C2)C=CN3)F)F,58252002,<rdkit.Chem.rdchem.Mol object at 0x000001923676C700>,0.9565217391304348,0.9777777777777776,0.4358974358974359,0.6071428571428571,"[0 0 0 0 0 0 0 0 0 0 0 0 0 0 0 0 0 0 0 0 0 0 0 0 0 0 0 0 0 0 0 0 1 1 0 0 0
 0 1 0 0 0 1 0 0 0 0 0 0 0 0 1 0 0 0 1 0 0 1 0 1 1 0 0 0 1 0 1 0 1 0 0 0 1
 0 0 0 1 0 0 0 0 0 1 0 0 0 1 1 0 1 0 0 0 1 0 1 0 1 0 0 1 1 0 1 1 1 1 0 0 0
 1 1 0 1 1 0 1 1 0 1 1 0 0 1 1 0 0 0 0 1 1 1 1 1 1 1 1 0 0 0 0 1 0 1 1 1 1
 1 0 1 1 1 1 1 1 1 0 1 1 1 1 1 1 1 1 0]",6.756716032978512,175.09912144222963,411.086447032,4,2,3.5573000000000023,91.91999999999999,True
CCCS(=O)(=O)NC1=CC(=C(C=C1)F)C(=O)CC2=CN=C3C(=C2)C=CN3,58251967,<rdkit.Chem.rdchem.Mol object at 0x000001923676CCA0>,0.9565217391304348,0.9777777777777776,0.3875,0.5585585585585585,"[0 0 0 0 0 0 0 0 0 0 0 0 0 0 0 0 0 0 0 0 0 0 0 0 0 0 0 0 0 0 0 0 1 1 0 0 0
 0 1 0 0 0 1 0 0 0 0 0 0 0 0 1 0 0 0 1 0 0 1 0 1 1 0 0 0 1 0 1 0 1 0 0 0 1
 0 0 0 1 0 0 0 0 0 1 0 0 0 1 1 0 1 0 0 0 1 0 1 0 1 0 0 1 1 0 1 1 1 1 0 0 0
 1 1 0 1 1 0 1 1 0 1 1 0 0 1 1 0 0 0 0 1 1 1 1 1 1 1 1 0 0 0 0 1 0 1 1 1 1
 1 0 1 1 1 1 1 1 1 0 1 1 1 1 1 1 1 1 0]",6.756716032978512,175.09912144222963,375.105290656,4,2,3.2791000000000015,91.91999999999999,True
CCCS(=O)(=O)NC1=C(C(=C(C=C1)F)C(=O)CC2=CC3=C(NC=C3F)N=C2)F,58252042,<rdkit.Chem.rdchem.Mol object at 0x0000019236767CA0>,0.9565217391304348,0.9777777777777776,0.5915492957746479,0.7433628318584071,"[0 0 0 0 0 0 0 0 0 0 0 0 0 0 0 0 0 0 0 0 0 0 0 0 0 0 0 0 0 0 0 0 1 1 0 0 0
 0 1 0 0 0 1 0 0 0 0 0 0 0 0 1 0 0 0 1 0 0 1 0 1 1 0 0 0 1 0 1 0 1 0 0 0 1
 0 0 0 1 0 0 0 0 0 1 0 0 0 1 1 0 1 0 0 0 1 0 1 0 1 0 0 1 1 0 1 1 1 1 0 0 0
 1 1 0 1 1 0 1 1 0 1 1 0 0 1 1 0 0 0 0 1 1 1 1 1 1 1 1 0 0 0 0 1 0 1 1 1 1
 1 0 1 1 1 1 1 1 1 0 1 1 1 1 1 1 1 1 0]",6.756716032978512,175.09912144222963,411.086447032,4,2,3.5573000000000015,91.92,True
CCCS(=O)(=O)NC1=CC(=CC(=C1F)C(=O)CC2=CN=C3C(=C2)C=CN3)F,58251942,<rdkit.Chem.rdchem.Mol object at 0x000001923676D040>,0.9565217391304348,0.9777777777777776,0.4,0.5714285714285714,"[0 0 0 0 0 0 0 0 0 0 0 0 0 0 0 0 0 0 0 0 0 0 0 0 0 0 0 0 0 0 0 0 1 1 0 0 0
 0 1 0 0 0 1 0 0 0 0 0 0 0 0 1 0 0 0 1 0 0 1 0 1 1 0 0 0 1 0 1 0 1 0 0 0 1
 0 0 0 1 0 0 0 0 0 1 0 0 0 1 1 0 1 0 0 0 1 0 1 0 1 0 0 1 1 0 1 1 1 1 0 0 0
 1 1 0 1 1 0 1 1 0 1 1 0 0 1 1 0 0 0 0 1 1 1 1 1 1 1 1 0 0 0 0 1 0 1 1 1 1
 1 0 1 1 1 1 1 1 1 0 1 1 1 1 1 1 1 1 0]",6.756716032978512,175.09912144222963,393.09586884400005,4,2,3.4182000000000015,91.91999999999999,True
CCCS(=O)(=O)NC1=C(C(=C(C=C1)F)C(=O)CC2=CN=C3C(=C2)C=C(N3)C(F)F)F,58251999,<rdkit.Chem.rdchem.Mol object at 0x0000019236768040>,0.9565217391304348,0.9777777777777776,0.4625,0.6324786324786325,"[0 0 0 0 0 0 0 0 0 0 0 0 0 0 0 0 0 0 0 0 0 0 0 0 0 0 0 0 0 0 0 0 1 1 0 0 0
 0 1 0 0 0 1 0 0 0 0 0 0 0 0 1 0 0 0 1 0 0 1 0 1 1 0 0 0 1 0 1 0 1 0 0 0 1
 0 0 0 1 0 0 0 0 0 1 0 0 0 1 1 0 1 0 0 0 1 0 1 0 1 0 0 1 1 0 1 1 1 1 0 0 0
 1 1 0 1 1 0 1 1 0 1 1 0 0 1 1 0 0 0 0 1 1 1 1 1 1 1 1 0 0 0 0 1 0 1 1 1 1
 1 0 1 1 1 1 1 1 1 0 1 1 1 1 1 1 1 1 0]",6.756716032978512,175.09912144222963,443.09267528400005,4,2,4.355800000000003,91.91999999999999,True
CCCS(=O)(=O)NC1=CC=CC(=C1F)C(=O)CC2=CN=C3C(=C2)C=CN3,58251990,<rdkit.Chem.rdchem.Mol object at 0x000001923676E2E0>,0.9565217391304348,0.9777777777777776,0.4177215189873418,0.5892857142857143,"[0 0 0 0 0 0 0 0 0 0 0 0 0 0 0 0 0 0 0 0 0 0 0 0 0 0 0 0 0 0 0 0 1 1 0 0 0
 0 1 0 0 0 1 0 0 0 0 0 0 0 0 1 0 0 0 1 0 0 1 0 1 1 0 0 0 1 0 1 0 1 0 0 0 1
 0 0 0 1 0 0 0 0 0 1 0 0 0 1 1 0 1 0 0 0 1 0 1 0 1 0 0 1 1 0 1 1 1 1 0 0 0
 1 1 0 1 1 0 1 1 0 1 1 0 0 1 1 0 0 0 0 1 1 1 1 1 1 1 1 0 0 0 0 1 0 1 1 1 1
 1 0 1 1 1 1 1 1 1 0 1 1 1 1 1 1 1 1 0]",6.756716032978512,175.09912144222963,375.105290656,4,2,3.2791000000000015,91.91999999999999,True
CCCS(=O)(=O)NC1=C(C(=C(C=C1)F)C(=O)CC2=CN=C3C(=C2)C=CN3)F,58251952,<rdkit.Chem.rdchem.Mol object at 0x0000019236768520>,0.9565217391304348,0.9777777777777776,0.5135135135135135,0.6785714285714286,"[0 0 0 0 0 0 0 0 0 0 0 0 0 0 0 0 0 0 0 0 0 0 0 0 0 0 0 0 0 0 0 0 1 1 0 0 0
 0 1 0 0 0 1 0 0 0 0 0 0 0 0 1 0 0 0 1 0 0 1 0 1 1 0 0 0 1 0 1 0 1 0 0 0 1
 0 0 0 1 0 0 0 0 0 1 0 0 0 1 1 0 1 0 0 0 1 0 1 0 1 0 0 1 1 0 1 1 1 1 0 0 0
 1 1 0 1 1 0 1 1 0 1 1 0 0 1 1 0 0 0 0 1 1 1 1 1 1 1 1 0 0 0 0 1 0 1 1 1 1
 1 0 1 1 1 1 1 1 1 0 1 1 1 1 1 1 1 1 0]",6.756716032978512,175.09912144222963,393.09586884400005,4,2,3.4182000000000015,91.91999999999999,True
CCCS(=O)(=O)NC1=C(C(=C(C=C1)F)C(=O)CC2=CN=C3C(=C2)C=C(N3)C#C)F,58251946,<rdkit.Chem.rdchem.Mol object at 0x0000019236767E80>,0.9428571428571428,0.9705882352941176,0.4567901234567901,0.6271186440677966,"[0 0 0 0 0 0 0 0 0 0 0 0 0 0 0 0 0 1 0 0 0 0 0 0 0 0 0 0 0 0 0 0 1 1 0 0 0
 0 1 0 0 0 1 0 0 0 0 0 0 0 0 1 0 0 0 1 0 0 1 0 1 1 0 0 0 1 0 1 0 1 0 0 0 1
 0 0 0 1 0 0 0 0 0 1 0 0 0 1 1 0 1 0 0 0 1 0 1 0 1 0 0 1 1 0 1 1 1 1 0 0 0
 1 1 0 1 1 0 1 1 0 1 1 0 0 1 1 0 0 0 0 1 1 1 1 1 1 1 1 0 0 0 0 1 0 1 1 1 1
 1 0 1 1 1 1 1 1 1 0 1 1 1 1 1 1 1 1 0]",6.754043925157735,176.17978466757438,417.09586884400005,4,2,3.3995000000000015,91.91999999999999,True
CCCS(=O)(=O)NC1=C(C(=C(C=C1)F)C(=O)CC2=CC3=C(NC=C3CC4CC4)N=C2)F,58252001,<rdkit.Chem.rdchem.Mol object at 0x0000019236767B20>,0.9166666666666666,0.9565217391304348,0.5316455696202531,0.6942148760330579,"[0 0 0 0 0 0 0 0 0 0 0 0 0 0 0 0 0 0 0 0 0 0 1 0 0 0 0 0 0 0 0 0 1 1 0 0 0
 0 1 0 0 0 1 0 0 0 0 0 0 0 0 1 0 0 0 1 0 0 1 0 1 1 0 0 0 1 0 1 0 1 0 0 0 1
 0 0 0 1 0 0 0 0 0 1 0 0 0 1 1 0 1 1 0 0 1 0 1 0 1 0 0 1 1 0 1 1 1 1 0 0 0
 1 1 0 1 1 0 1 1 0 1 1 0 0 1 1 0 0 0 1 1 1 1 1 1 1 1 1 0 0 0 0 1 0 1 1 1 1
 1 0 1 1 1 1 1 1 1 0 1 1 1 1 1 1 1 1 0]",6.751392684658964,177.25860018177892,447.14281903600005,4,2,4.370700000000003,91.92,True
